0,0,0,0,0,0,0
Preface STab 2019,SemTab 19,nan,nan,nan,nan,nan
Results of Seab 20,emTb 2020,"Peiion, ecal, F1, Average F1, Aveg precision, Aera call",Top system in all aks and the lea imact by the 2T aset,nan,"This syem had a very od and constant performance, ut below TabWiidaa","DAGOBAH had oval very pstie resl, apart rm the CEA sk in the 2T dataset. On the the ha, bbw had an outtaig performance in the lt CEA und"
Results of Seab 01,SmTb 2021,"Precision, Rcal, F1, Aver F1, Average prisio, Average rcal, Release pe source solution, Sysm dependencies, Mdl geeraly, Ailality, User experience","DAGOBAH is the the top syem in most of the tas, hown appreciable imrments, MTab provides the easy - to - use Tb tool along it Web services to lookup eties and annotate tbes, ioDiva atae have brought new challenges in CEA and CTA tasks","Honorary enon to AOBH, MAGIC MantisTable, onorr meni to MTab",JenTab is the on open - souc system with a permsiv iese,nan
Results of Seab 02,emTb 2022,"Avea F1, Avee prciso, vage recall, F1, Pcisin, Recall","The stem have had the ihes performing sytm in most of the tasks, showing appreciable imprvnts over previous yas","SOB and Wikinary got the Artifacts alablity Badge badge fo the atst track, JenTab got the Artifacts Aaiabilt age rm the ccurc Track",nan,nan
