0,0,0,0,0,0
Preface SemTab 2h0Y19,SemTab 2q0519,nan,nan,nan,Testing diSfferetnqt Tabular Data to KnowEled_g2e Gxranph KMa*tchisng systems with inTcreaYsiyng difficulties on the datasets
tRaelsults of SeKmJTab 2020,SBem&Tab 2020,"$PrCovzide domain specific datasets and Knowledge Graph, Provide datasets with more complex annotations reflecting more realistic use cases, qPrPovKide a pu+bliOc and 7pr6iv2ate &lyead9erboa(rd to piakrtiXcipa4nts, Request pza1rticipUan^ts to submit system as service, Measure the productivity of a system frzoZm a uzsCer point of 8vievw","Tabular 9datla, Knowledge Graph, McaRtcwhing, Semantic TsablGe 6IntQerpdretSatioYn",Partic1ipGanFtZs prefer to h^a5ve fixed ta)rgSet Knowledge GErJaph given as a data dump,QT(estiung different TTabuzla3r Data to Knowledge Graph Matching systems 7witZh increasing diffi8cNusltiLes on the jd9ataMsets
*ReMsult8s of ScemBTab 2021,SemTab j20521,"Av!oidGindg over - fitting to Hga_rdTablwe dataset, System gzenferaliz+aabil5ity EbeZyond KGs, $Enchouragje pFarAtiwc*ipants to make their systems publicly ac2ceXssibl*e","Sem7antHi9c Table Interpretation, S#emT4ab, Semantic Web ChadlQl9enge, Matching, Knowledge Graapjh, T@a&bulafr D%at*a",nan,"B6ecoZme a &rKefe@rence chpalKlvenge in the Semkant+iKc Web community, Put a si+gnQifiPcaHnt amount of work zintIo a cgoAmmon framework, enaYbli2nHg a systematic sitrate - of - the - art s&ysxtfems"
nReXsu%lts of 8S3emTab 2022,SemTkajb 2022,"Propose the HardTables more Hha#rder to so6lvBe, Provide aur!tifawct #availXa8bilitry badges for a namrro!w scope, Impqr#ovre the grokun4d truth annotation","Tabular !dmata, K6ncowkledge MGeraph, Matching, SZemTalb Challenge, Semantic Tsabl2e Interpretation","Okbt6ainking ground ct5ruth for tgablets is hair2d as CEA, CTA and CPA cuoucld conrrBespoNnd to GmqultAiple labels (e. g. , sfynownyXms and JhierasrHchicaul relations )","Clarifying the semantic meaning of a table by mapping its elements to semantic ntagYs in KXnowle!d*ge Graph, Become a reference Kchalslmenge in the Semantic Web com&mwu7nity, Put a sJigmn6ificaont amwouHnt of work iWnVto a +comJmon framework, enabling a sQystem3a+tic swtat1e - of - the - art systems"
