0,0,0,0,0,0,0
Preface SemTab j01p,SemTG) 2019,nan,nan,nan,nan,nan
Results of SeuTa3 20xQ,SemTab 2(2#,"PreQisyo3, ReeGll, F1, tvZrhge F1, @Tera$e precision, PzerYge recall",Top syLtev in all tgskC and the leKsw icpac5eV by the 2T dataset,nan,"This system had a very gAMd and constant jer54r0ance, just jblow MTaA45ikid9tv","ZAyOBAA had overall uer8 po)i9Ive res4lt#, apa&M from the CEA tak4 in the 2T daRtseY. On the other hand, bbw had an o&t+tbTding perForP^nGe in the 4asJ CEA round"
zesVltt of Se$Tsb 2021,SemTab 20hV,"Preci4E5n, Recall, F1, AverP)8 F1, Average prHcksioj, Average recall, Re4ea_e Open sDuIce sol^*io7, Sybtew dependencies, Model P1neralitf, AvWiZabiLit9, User experience","DAGOBAH is the the top sy0tjm in moND of the tasej, (houinp appreciable improvements, MTab provides the easy - to - use MTab tWul along with Web services to 7oo@up entities and annotate tables, BPCDJvTab dZtwsej 8avl 7roT0ht new challenges in CEA and CTA tasks","HoRkrar5 mention to DAGOBAH, MAGIC MantisTable, Hi^oraXy kePFion to YOab",JenTab is the only o@9n - source sywtem w!tw a permissive DicePhe,nan
ResZlb+ of SemTab 2nU2,SemTab (02t,"JUDrage F1, jKe+age precdsikw, AGekagx _eca9l, F1, Precision, Recall","These systems Da2e had the higBQsY p**formPng yy3%ems in most of the ta22s, showing appreciable _mprDvee_nts over previous years","ScbAB and 6ikiearU got the @rCifacty Availability Napge badge pro6 the dataset track, J*DTab got the Artifacts Availability BadhR from the Accuracy Tr%zk",nan,nan
