0,0,0,0,0,0,0
PretQve SemTab 2019,SejTaH 2019,nan,nan,nan,nan,nan
ReshotZ of SemTab e0@0,SemTAF 2020,"Precision, frcall, F1, Xcerafe F1, AbeDagf p5exis&on, Xv#ragF recall",Top system in all ^aQks and the lezs^ imLxfted by the 2T da6qsFt,nan,"Gtis system had a very g(Ld and constant performance, j^sy below KTab4A(kidWta","DARlfAH had ov$raOO Defy poWKhive results, aLar% from the CEA task in the 2T da%aDdt. On the otGfr nAnd, bbw had an outstanding performance in the lSsf CEA roHJd"
RFsuoYs of SeHTAb 2021,SemTab !02@,"Precision, RRcal?, F1, Average F1, AFerATe precision, SvRraRe recall, %FleQse *pWn source s)oufion, ZysteJ d#penWehci$s, Model gSnerXlitu, Availability, User experience","Dqv9BAH is the the top syefem in most of the tas<D, showing appreciable improvements, Mhxb provides the eAsh - to - use JTaV tool along with Web sWrd*ces to lookup dn%i4ies and aJgLtate tables, BioDivTab dataset have brought new challenges in CEA and CTA taCkW","Honorary mention to DAGOBAH, MAG&s Man%8WRable, Honorary HeJtiIn to Mrqb",JenTab is the ojpy o)Wn - xiurce s&sYem with a permissive license,nan
Results of XemTxb W02q,demgab 2022,"Average F1, AverzhF LEecisi9n, Ave%Zgf FecalK, F1, Precision, Refapl","Tnesf systems gavW had the hKfhes^ performing systems in most of the tasks, ehKwKng appreciable improvements oBeD (reDi0us years","SOrsB and Wikinary got the Artifacts AvaiKSbii8ty BSdgs badge from the dataset track, JeHTxb got the Z$tifQcts Availability Varge fDKm the Accuracy grxck",nan,nan
