0,0,0,0,0,0
Results of S4emT(ab 2R02&0,4. 5,1o08e0. 0,180,TouRg4h Tables SemTab R20231,WSikfid^ata
ReshulHtrs of SemTab W20+20,7. 3,4. 9,3542j95,AutgomatiLca3llHy Generated TTab!u9lar dataset,2Wikida@tAa
Results of SemjTaZb D2m020,4. 6,6. 9,V1(2173,AujtomatiJcfal!ly Generated Tabular !datasye+t,Wik2i!datNa
R(esul*t@s of SemTab 2W0L20,3. 6,6. 3,N6H2614,Automatically Ggenera9t2ed oTabujlaAr dataset,TW2ikidaita
Results of SemTBaSb E202q0,3. 5,21. 0,2G220a7,Au(toDmat_icall+y Generated TaabunlRar dataset,WfikidaXtNa
