0,0,0,0,0,0,0,0,0,0
9,o,D,O,o,9,O,O,D,o
Reso1t8 0f 8emTa6 282I,1. 1b,1080. 21,3. 0,nan,3. 8,1080. 19,1sO,R0ond 1 (2T) 0Epedia 8emTa6 2021,DBpedia
Results Df &emTab 2021,4. 46,18&0. 21,3. g,nan,3. 0,4050. 21,7@U,Ruond 1 (ZT) Wikidata 8emTa6 2o2I,Wikidata
Reso1t8 0f 8emTa6 2OZ1,5. 9l,2449. 80,5. 97,8. 01,8. q1,z44q. 08,1I9,R0ond z BioTable 8emTa6 20ZI,Wikidata
Re8olt8 uf 8emTa6 z0z1,3. 19,lb. 13,1. 65,3. lg,I. 25,4b. 73,l78g,R0ond Z HakdTa61e 8emTa6 2021,Wikidata
Re8olt8 0f 8emTa6 Zo21,23. qb,Z5q. Ob,I3. b,nan,7Z. ZS,z88. 28,00,Ruond 3 BioDivTab SemTab ZDz4,Wikidata
Re0uIt0 uf 8emTa6 2021,15. 51,so. 2,nan,nan,3. 08,nan,11u1,Round 3 GitTable 8emTa6 zD21,Wikidata
Re8olt8 Df 8emTa6 2021,48. 87,58. Z,nan,nan,Z. 62,nan,410l,Round 3 CitTa61e SemTab Z027,Schema. org
Re8u1t8 of 8emTa6 z9z7,2. l8,8. 18,1. 9,2. 10,4. D,8. 18,7zOl,Round 3 HardTable 8emTa6 Z921,nan
