0,0,0,0,0,0,0,0,0,0
and,oo,and,oo,o,and,and,and,o,and
Re8o1ts uf SemTab 2021,5. 46,1080. 21st,3. 9m,nan,3. I,1080. 19,78o,Round 13 (zT) DBpedia SemTab 20Z7,OEpedia
Reso1t8 on 8emTa6 2021,4th. 1b,1080. 21st,15. 0,nan,3. on,1080. 21st,l88,Round l (ZT) Wikidata SemTab 2O27,Wiridata
Re8olt8 jf 8emTa6 2021,five. 97,2449. 9s,8pm. 97,4. 01,five. 97,2449. 08,I70,Round two EioTa61e SemTab 2O27,Wiridata
Re8o1ts af 8emTa6 2021,2. 19,16th. 13,7th. 65,three. Iq,13. 25,16. thirteen,1158,Ruond two HardTable SemTab z0Z1,Wiridata
Re8u1t8 of SemTab 2021,23rd. 96,z5q. 06,43. 6h,nan,20. 28,258. 28th,8O,Round 2 EiuDivTa6 SemTab 20z7,Wiridata
Re8olt8 lf 8emTa6 2021,15.oo. 87,58. 3,nan,nan,2. 08,nan,I10l,R0ond three GitTable SemTab 28z1,Wiridata
Results of SemTab Z921,15.oo. S1,58. Two,nan,nan,z. 62,nan,1l81,Round three GitTable SemTab Z024,8chema. ong
Results uf 8emTa6 2021,2. is,8th. 18,seven. 0,z. 48,one. 0,8. is,7ZO7,Round 15 HardTable SemTab 20Z7,nan
