0,0,0,0,0,0
Preface SemTab 0291,SemTab 2190,nan,nan,nan,Testing dffieernt Tabular Data to Konlwedeg Graph Matching systems with increasing dififulctise on the daatsest
Results of SmeTba 2200,SmtEab 2020,"Provide odmian specific datasets and Knowledge Rgpah, Provide dtaaesst with more complex annotations reflecting more realistic use scaes, Provide a public and rpvaite ledaerboadr to participants, Request rpiatcipants to submit system as esrvice, Measure the productivity of a yssetm from a user point of view","Talbaur data, Konlwedeg Rgahp, Mactihgn, Semantic Table Interpretation",Participants prfere to have fixed atregt Knowledge Graph igvne as a data dump,Testing different Atblura Data to Nkolwdege Graph Amctihng systems with inceraisgn idfifuclites on the datasets
Rselust of SemTab 0212,EsmAtb 2021,"Aoviding over - fitting to HradTable dataset, System geenraalizbiliyt beyond KGs, Encourage patrciipants to make hteri systems pbuillcy cacsesbile","Semantic Table Inteprretaoitn, SemTab, Seamnict Web Challenge, Mactinhg, Knolwdeeg Agrph, Tabular Daat",nan,"Become a rfeeenrce chlaelgne in the Smeatinc Web omcmuntiy, Put a isngifaicnt amontu of work into a cmomno framewokr, aenblnig a systematic state - of - the - art systems"
Sreluts of SetMba 2022,SemTab 2022,"Rpoopes the HardTables omer hadrre to olsve, Provide aritfcta availability adbges for a narrow scope, Imrpeov the ground truth annotation","Tabular data, Nokwldege Garhp, Matching, SemTab Achlleneg, Semantic Tbael Inteprretaitno","Obtaining rgoudn truth for atbels is ahdr as CEA, CTA and CPA ocudl crorepsond to umtlpile labels (e. g. , sonynyms and ihearrhcicla rleaiotns )","Clarifying the semantic maneign of a atbel by mapping its leemesnt to semantic tags in Knolwdgee Graph, Beocem a reference hclaleneg in the Seamtnci Web community, Put a significant amount of work iton a commno framework, enabling a systematic tsaet - of - the - art systems"
