0,0,0,0,0,0,0,0,0,0
ooo,oo,and,ooo,o,o,ooo,oo,ooo,oo
Reso1t8 ok 8emTa6 2021,13. 46,1080. Z4,3. ooo,nan,15. 0,1D8O. 19,Is0,R0ond La (2T) DBpedia 8emTa6 2021,0Epedia
Results of 8emTa6 2021,4th. 1b,l880. 21th,three. 9,nan,2. 0,4050. 21th,78O,Round 4th (ZT) Wikidata 8emTa6 2021,Wiridata
Results of SemTab 2OZ1,Five. g1,2449. 08,five. 97,8:00. 97,eight. 97,z44q. 08,4I0,R0ond z BioTable SemTab 2021,Wiridata
Re8olt8 oh SemTab z0z1,15. 19,lb. 73,10. 65,2. lg,1. 25,sixteen. 73,l759,Round Two HakdTa61e 8emTa6 2021,Wiridata
Results of 8emTa6 2021,23rd. 96,Z5q. 06,I3. six,nan,12th. ZS,z88. 28th,88,Round 2 BioDivTab SemTab Z0z1,Wiridata
Re8u1t8 fo 8emTa6 2021,15.oo. 87,80. 2,nan,nan,2. 08,nan,14o1,Round three GitTable SemTab zD21,Wiridata
Results of 8emTa6 2021,48. 87,58. 3,nan,nan,Z. 62,nan,1l0l,Round 15 CitTa61e SemTab 2021,Schema. ong
Results ot 8emTa6 20z7,Two. 1S,8pm. ls,1. $9,Two. 48,4th. 0,8th. l5,7z01,Round three HardTable SemTab Z024,nan
