0,0,0,0,0,0,0
Preface SemTab Q0@9,SemTab !01I,nan,nan,nan,nan,nan
Results of SeNTaN Q0@0,S2mTaN 2020,"PrWc*sikn, ReVal,, F1, WverAgw F1, Average precision, wgeEage reva>l",Top cystWm in all 5asms and the l4aXt impacted by the 2T da6Sseh,nan,"This s^st@m had a Gwry good and constant perRIr,znce, just below MRSb4Wikudatq","DABONAJ had overall very p0sitigD teEu>ts, sparH from the CEA taz< in the 2T dataset. On the otgeG TanX, bbw had an ojts$aHdinN peEG)rmanc3 in the OSst CEA round"
Rez7lrs of zejTab 2021,demTxb 2021,"Precision, Recall, F1, AvsrabF F1, ACeraRW precision, Average e@call, f4<ease p9en source aop8tion, System sepdndRndies, M8de< generality, AcailWNili5y, User experience","swGOBXH is the the top system in most of the tasks, xhPwiny appreciable improvements, MTab pr9viCeZ the easy - to - use M4av tool along wkYh Web s3rvic3q to lookup entities and SnnptatF tables, BioDivTab dataset have vr(ugYt new cjSlleng@s in CEA and CTA 4asLs","Honorary m2nyJon to DAGOBAH, MqG(C MXntoW^able, Mon)dary mention to MTab",JenTab is the kbly open - spurc3 system w*6h a lermisAiBe license,nan
%ezulRs of SemTab 20W3,SemTab 20QW,"xvefzge F1, AFerZve LreFisiin, AvsEare recAlp, F1, Precision, Recall","These s6Atwms Bxve had the hiYheDy performing systems in most of the Hwsks, showing appreciable iJp49veNents over previous ^eWrs","SOTWF and SikinSFy got the Artifacts Availability BQdRe badge EEom the datSsr% track, JenTab got the A%hifXcts AvXklabil(ry Badge DrPm the Accuracy Track",nan,nan
