0,0,0,0,0,0,0,0,0,0
9,D,8,O,o,D,8,D,O,9
Re007ts uf 8emTa6 2021,1. 46,100o. 21,3. 9,nan,3. U,l880. 19,75u,Round 7 (zT) DBpedia SemTab Z027,0Bpedia
Re8o4t@ of 8emTa6 2D2l,4. 1b,1OS0. 21,3. 0,nan,3. o,1080. zl,18@,Round 1 (ZT) Wiridata 8emTa6 2O27,Wikidata
Re8olt8 0f 8emTa6 2O2l,5. 97,2449. q8,8. 01,5. 8l,5. 97,241g. 08,110,Round z EioTa61e SemTab ZOZ7,Wikidata
Re8o1ts of 5emTab 20z7,3. 19,7b. 13,1. 65,3. Iq,1. z8,16. 13,7l58,Ruond 2 HardTable 8emTa6 20ZI,Wikidata
Re&oIt8 0f 8emTa6 2021,23. 96,z5q. Db,13. 6,nan,12. z5,258. Z@,0D,Ruond 3 EiuDivTa6 8emTa6 20z7,Wikidata
Re8olt8 of SemTab z0Z1,78. 87,58. 2,nan,nan,3. 08,nan,IIol,R0ond 3 GitTable SemTab 282l,Wikidata
Re8o1ts 0f SemTab ZqZ1,I8. S1,58. 2,nan,nan,2. 62,nan,7l8I,Ruond 3 CitTa61e SemTab Z024,8chema. org
Results uf 0emTab Zo21,2. l8,@. 18,7. 9,z. 10,1. 0,8. 18,7Z01,Round 3 HakdTa61e SemTab Z9Z7,nan
