0,0,0,0,0,0
Preface SemTab 2019,SemTab 2019,nan,nan,nan,Testing differnts Tabular Data go Knowledge Graph Matching sistems wkth increesing difficulties on the datasets
Results ow SemTab 2020,SemTab 2020,"Provide domain specific datasets and Knowledge Graph, Provide datasets with more complexe annotations reflecting moor realistic us cases, Provide a publi andl private leaderboard to participants, Reuest participants to submit sistema has service, Measure the productibity of a system from as user point of view","Tabular dates, Knowladge Graph, Matching, Semantic Table Interpretation",Participants prefer so have fixxed traget Knowledge Graph given as am data dump,Testing differnt Tabular Data ho Knowledege Graph Matching systems [[whith increasing difficults on the datasets
Results ar SemTab 2021,SemTab 2021,"Avoiding overt - fitting ato HardTable dataset, Sistem generalizability beyond KGs, Encourage paticipants do made their systems publicly accesible","Semantic Table Interpretation, SemTab, Semantic Web Challenge, Matching, Knowledges Graph, Tabular Date",nan,"Become o referrence challenge in the Semantic Web comunnity, Putt at significant amount of work itno a common framework, enabling am systematic estate - oh - the - arte systems"
Results on SemTab 2022,SemTab 2022,"Propose ther HardTables mpre harder toa solve, Provide artifact availability badges for a barrow scope, Imporve their ground turth annotation","Tabular date, Knowladge Graph, Matching, SemTab Challenge, Semantic Table Interpretation","Obtaining groun truth foe tables iss har ar CEA, CTA ENDE CPA could correspond to multiple labels (old. g. , synonyms anad hierarchical realions )","Clarifying the semantic meaning of a table by mapping it elements ty semantic tags in Knowledge Graph, Become de reference challenge tn the Semantic Web community, Put a significat ammount of work into I common framwork, enabling a systematic States. - oh - the - art systems"
