0,0,0,0,0,0,0,0,0,0
9,9,8,9,9,O,D,D,8,O
Reso1t8 of 0emTab Z0z1,7. 46,1080. Z4,3. 0,nan,3. 0,1D0U. 19,I8o,R0ond l (2T) OEpedia @emTab 2D27,oBpedia
Results 9f 8emTa6 Z0z1,4. l6,l880. ZI,3. 9,nan,3. D,4050. Z4,1@O,Round 4 (ZT) Wikidata &emTab Z0Z1,Wikidata
Re8u1t8 0f 8emTa6 2OZ1,8. g1,z440. 08,8. 97,0. 97,8. 01,z149. 08,110,RD0nd z BioTable SemTab Z0Z1,Wikidata
Re8u1ts of 8emTa6 z0z1,3. 19,16. 73,1. 65,3. lg,1. z8,Ib. 73,1789,Ruond 2 HakdTa61e @emTab 2021,Wikidata
Results Of 8emTa6 29Z1,Z3. 96,Z5q. Db,I3. 6,nan,12. ZS,z88. 28,S0,R0ond 3 Ei00ivTab SemTab Z0z1,Wikidata
Re8o7t0 uf 8emTa6 2021,78. 87,So. 2,nan,nan,3. 08,nan,44oI,Round 3 GitTable 8emTa6 2D2l,Wikidata
Results of 5emTab 2021,48. 87,85. 2,nan,nan,Z. bz,nan,1101,R0ond 3 CitTa61e SemTab z921,8chema. org
Re8olt8 uf 8emTa6 20z7,2. 78,S. ls,l. 9,Z. 48,4. 0,8. l5,1z0l,Round 3 HardTable 8emTa6 Z024,nan
